Plot Title: 20983690,,,,,
#,"Date Time, GMT-06:00","Temp, °F (LGR S/N: 20983690, SEN S/N: 20983690)","Intensity, lum/ft² (LGR S/N: 20983690, SEN S/N: 20983690)",Stopped (LGR S/N: 20983690),End Of File (LGR S/N: 20983690)
1,11/09/22 12:30:00 PM,88.06,128.13,,
2,11/09/22 12:30:20 PM,87.83,111.87,,
3,11/09/22 12:30:40 PM,87.75,395.63,,
4,11/09/22 12:31:00 PM,88.21,1399.87,,
5,11/09/22 12:31:20 PM,88.44,1437.45,,
6,11/09/22 12:31:40 PM,88.6,1014.11,,
7,11/09/22 12:32:00 PM,88.13,447.84,,
8,11/09/22 12:32:20 PM,87.83,438.2,,
9,11/09/22 12:32:40 PM,87.67,1284.76,,
10,11/09/22 12:33:00 PM,87.98,1358.96,,
11,11/09/22 12:33:20 PM,87.9,478.63,,
12,11/09/22 12:33:40 PM,87.44,763.67,,
13,11/09/22 12:34:00 PM,87.59,1480.26,,
14,11/09/22 12:34:20 PM,87.36,1375.14,,
15,11/09/22 12:34:40 PM,87.52,1154.91,,
16,11/09/22 12:35:00 PM,87.59,998.41,,
17,11/09/22 12:35:20 PM,87.83,1019.82,,
18,11/09/22 12:35:40 PM,88.13,1109.72,,
19,11/09/22 12:36:00 PM,87.75,114.13,,
20,11/09/22 12:36:20 PM,87.44,108.27,,
21,11/09/22 12:36:40 PM,87.13,106.49,,
22,11/09/22 12:37:00 PM,86.98,178.19,,
23,11/09/22 12:37:20 PM,86.9,644.28,,
24,11/09/22 12:37:40 PM,87.05,537.26,,
25,11/09/22 12:38:00 PM,87.21,582.45,,
26,11/09/22 12:38:20 PM,87.29,355.44,,
27,11/09/22 12:38:40 PM,87.29,442.96,,
28,11/09/22 12:39:00 PM,87.36,380.05,,
29,11/09/22 12:39:20 PM,87.44,504.44,,
30,11/09/22 12:39:40 PM,87.44,499.21,,
31,11/09/22 12:40:00 PM,87.59,323.45,,
32,11/09/22 12:40:20 PM,87.83,792.45,,
33,11/09/22 12:40:40 PM,88.21,700.65,,
34,11/09/22 12:41:00 PM,88.52,688.76,,
35,11/09/22 12:41:20 PM,88.91,853.57,,
36,11/09/22 12:41:40 PM,89.14,854.76,,
37,11/09/22 12:42:00 PM,89.45,805.06,,
38,11/09/22 12:42:20 PM,89.68,974.63,,
39,11/09/22 12:42:40 PM,89.91,817.66,,
40,11/09/22 12:43:00 PM,90.14,1055.49,,
41,11/09/22 12:43:20 PM,90.22,142.22,,
42,11/09/22 12:43:40 PM,89.91,106.25,,
43,11/09/22 12:44:00 PM,89.6,115.76,,
44,11/09/22 12:44:20 PM,89.83,1087.36,,
45,11/09/22 12:44:40 PM,90.14,919.69,,
46,11/09/22 12:45:00 PM,90.37,1017.92,,
47,11/09/22 12:45:20 PM,90.68,1044.55,,
48,11/09/22 12:45:40 PM,90.76,1031.71,,
49,11/09/22 12:46:00 PM,90.76,894.96,,
50,11/09/22 12:46:20 PM,90.84,975.11,,
51,11/09/22 12:46:40 PM,90.91,916.6,,
52,11/09/22 12:47:00 PM,90.84,950.13,,
53,11/09/22 12:47:20 PM,90.84,1025.05,,
54,11/09/22 12:47:40 PM,90.99,968.68,,
55,11/09/22 12:48:00 PM,91.15,953.7,,
56,11/09/22 12:48:20 PM,91.38,967.5,,
57,11/09/22 12:48:40 PM,91.61,940.62,,
58,11/09/22 12:49:00 PM,91.76,920.17,,
59,11/09/22 12:49:20 PM,91.92,920.17,,
60,11/09/22 12:49:40 PM,92,913.51,,
61,11/09/22 12:50:00 PM,92,908.28,,
62,11/09/22 12:50:20 PM,92,981.77,,
63,11/09/22 12:50:40 PM,92.07,899.24,,
64,11/09/22 12:51:00 PM,92.07,941.81,,
65,11/09/22 12:51:20 PM,92.15,1003.17,,
66,11/09/22 12:51:40 PM,92.38,1137.31,,
67,11/09/22 12:52:00 PM,92.69,1202,,
68,11/09/22 12:52:20 PM,92.77,1172.98,,
69,11/09/22 12:52:40 PM,92.77,1184.87,,
70,11/09/22 12:53:00 PM,92.77,1128.74,,
71,11/09/22 12:53:20 PM,92.54,1003.17,,
72,11/09/22 12:53:40 PM,92.46,952.51,,
73,11/09/22 12:54:00 PM,92.3,922.55,,
74,11/09/22 12:54:20 PM,92.15,881.16,,
75,11/09/22 12:54:40 PM,92,877.6,,
76,11/09/22 12:55:00 PM,91.69,877.12,,
77,11/09/22 12:55:20 PM,91.61,868.08,,
78,11/09/22 12:55:40 PM,91.45,874.5,,
79,11/09/22 12:56:00 PM,91.22,648.09,,
80,11/09/22 12:56:20 PM,90.99,382.19,,
81,11/09/22 12:56:40 PM,90.84,473.28,,
82,11/09/22 12:57:00 PM,90.68,338.08,,
83,11/09/22 12:57:20 PM,90.37,268.04,,
84,11/09/22 12:57:40 PM,90.22,363.52,,
85,11/09/22 12:58:00 PM,90.14,383.62,,
86,11/09/22 12:58:20 PM,89.91,365.66,,
87,11/09/22 12:58:40 PM,89.91,339.62,,
88,11/09/22 12:59:00 PM,89.76,381,,
89,11/09/22 12:59:20 PM,89.76,594.81,,
90,11/09/22 12:59:40 PM,89.83,645,,
91,11/09/22 1:00:00 PM,89.83,369.23,,
92,11/09/22 1:00:20 PM,89.76,596.48,,
93,11/09/22 1:00:40 PM,89.68,446.65,,
94,11/09/22 1:01:00 PM,90.06,2386.87,,
95,11/09/22 1:01:20 PM,90.99,2223.24,,
96,11/09/22 1:01:40 PM,91.69,2139.52,,
97,11/09/22 1:02:00 PM,92,1593.94,,
98,11/09/22 1:02:20 PM,92.69,7968.28,,
99,11/09/22 1:02:40 PM,94,4132.55,,
100,11/09/22 1:03:00 PM,94.7,969.87,,
101,11/09/22 1:03:20 PM,93.46,1810.37,,
102,11/09/22 1:03:40 PM,93.23,2009.19,,
103,11/09/22 1:04:00 PM,92.84,1114.95,,
104,11/09/22 1:04:20 PM,92.3,1923.57,,
105,11/09/22 1:04:40 PM,92.46,1954.97,,
106,11/09/22 1:05:00 PM,92.54,2113.84,,
107,11/09/22 1:05:20 PM,92.61,1720.94,,
108,11/09/22 1:05:40 PM,92.3,1779.45,,
109,11/09/22 1:06:00 PM,92.07,2316.47,,
110,11/09/22 1:06:20 PM,92.3,2148.09,,
111,11/09/22 1:06:40 PM,92.3,1653.87,,
112,11/09/22 1:07:00 PM,92.46,2431.58,,
113,11/09/22 1:07:20 PM,92.46,2159.5,,
114,11/09/22 1:07:40 PM,92.54,2067.22,,
115,11/09/22 1:08:00 PM,92.61,1998.73,,
116,11/09/22 1:08:20 PM,92.61,1752.34,,
117,11/09/22 1:08:40 PM,92.46,2262.25,,
118,11/09/22 1:09:00 PM,92.61,2270.81,,
119,11/09/22 1:09:20 PM,92.61,1197.24,,
120,11/09/22 1:09:40 PM,91.61,604.33,,
121,11/09/22 1:10:00 PM,91.61,1839.86,,
122,11/09/22 1:10:20 PM,91.3,911.13,,
123,11/09/22 1:10:40 PM,91.45,2307.91,,
124,11/09/22 1:11:00 PM,91.15,1878.86,,
125,11/09/22 1:11:20 PM,91.45,2459.17,,
126,11/09/22 1:11:40 PM,91.84,2484.86,,
127,11/09/22 1:12:00 PM,92.23,2302.2,,
128,11/09/22 1:12:20 PM,92.38,2377.36,,
129,11/09/22 1:12:40 PM,92.61,2438.24,,
130,11/09/22 1:13:00 PM,92.61,2609.48,,
131,11/09/22 1:13:20 PM,92.69,2411.6,,
132,11/09/22 1:13:40 PM,92.84,2639.92,,
133,11/09/22 1:14:00 PM,93,2192.8,,
134,11/09/22 1:14:20 PM,93,2446.8,,
135,11/09/22 1:14:40 PM,93.31,2551.45,,
136,11/09/22 1:15:00 PM,93.39,1700.01,,
137,11/09/22 1:15:20 PM,93.08,988.9,,
138,11/09/22 1:15:40 PM,92.23,783.41,,
139,11/09/22 1:16:00 PM,91.61,824.8,,
140,11/09/22 1:16:20 PM,92.07,2570.47,,
141,11/09/22 1:16:40 PM,92.3,2509.59,,
142,11/09/22 1:17:00 PM,92.54,2539.08,,
143,11/09/22 1:17:20 PM,92.77,2690.34,,
144,11/09/22 1:17:40 PM,92.92,2527.66,,
145,11/09/22 1:18:00 PM,93,2558.11,,
146,11/09/22 1:18:20 PM,93.08,2558.11,,
147,11/09/22 1:18:40 PM,93.15,2540.03,,
148,11/09/22 1:19:00 PM,92.92,932.06,,
149,11/09/22 1:19:20 PM,93.08,2639.92,,
150,11/09/22 1:19:40 PM,92.38,2965.27,,
151,11/09/22 1:20:00 PM,92.84,2785.47,,
152,11/09/22 1:20:20 PM,93.23,2994.76,,
153,11/09/22 1:20:40 PM,92.92,2259.39,,
154,11/09/22 1:21:00 PM,92.69,2021.56,,
155,11/09/22 1:21:20 PM,92.61,1964.48,,
156,11/09/22 1:21:40 PM,92.54,2138.57,,
157,11/09/22 1:22:00 PM,92.38,2510.54,,
158,11/09/22 1:22:20 PM,92.54,2787.38,,
159,11/09/22 1:22:40 PM,93.15,3727.28,,
160,11/09/22 1:23:00 PM,93.62,2902.49,,
161,11/09/22 1:23:20 PM,94.08,4650.07,,
162,11/09/22 1:23:40 PM,94.47,2712.22,,
163,11/09/22 1:24:00 PM,94.78,3499.92,,
164,11/09/22 1:24:20 PM,95.01,3160.29,,
165,11/09/22 1:24:40 PM,95.62,3250.67,,
166,11/09/22 1:25:00 PM,95.47,2770.25,,
167,11/09/22 1:25:20 PM,95.62,2814.96,,
168,11/09/22 1:25:40 PM,95.62,2883.46,,
169,11/09/22 1:26:00 PM,95.78,2952.91,,
170,11/09/22 1:26:20 PM,95.7,2914.85,,
171,11/09/22 1:26:40 PM,95.93,2736.96,,
172,11/09/22 1:27:00 PM,96.01,4983.03,,
173,11/09/22 1:27:20 PM,96.4,3057.55,,
174,11/09/22 1:27:40 PM,96.47,4939.27,,
175,11/09/22 1:28:00 PM,96.4,1624.38,,
176,11/09/22 1:28:20 PM,95.32,1424.13,,
177,11/09/22 1:28:40 PM,94.7,1485.49,,
178,11/09/22 1:29:00 PM,94.08,1496.43,,
179,11/09/22 1:29:20 PM,93.54,1508.8,,
180,11/09/22 1:29:40 PM,92.92,1499.76,,
181,11/09/22 1:30:00 PM,92.46,1646.26,,
182,11/09/22 1:30:20 PM,92.07,1532.11,,
183,11/09/22 1:30:40 PM,91.69,1767.08,,
184,11/09/22 1:31:00 PM,91.3,1570.16,,
185,11/09/22 1:31:20 PM,91.15,1976.85,,
186,11/09/22 1:31:40 PM,90.99,1446.01,,
187,11/09/22 1:32:00 PM,90.68,896.15,,
188,11/09/22 1:32:20 PM,91.76,2330.74,,
189,11/09/22 1:32:40 PM,91.69,1653.87,,
190,11/09/22 1:33:00 PM,92.61,5658.47,,
191,11/09/22 1:33:20 PM,94.08,2878.7,,
192,11/09/22 1:33:40 PM,96.47,6634.52,,
193,11/09/22 1:34:00 PM,93.93,1389.88,,
194,11/09/22 1:34:20 PM,92.92,2014.9,,
195,11/09/22 1:34:40 PM,93.69,3124.14,,
196,11/09/22 1:35:00 PM,94.7,4431.26,,
197,11/09/22 1:35:20 PM,95.32,3177.42,,
198,11/09/22 1:35:40 PM,94.93,3288.72,,
199,11/09/22 1:36:00 PM,93.93,508.96,,
200,11/09/22 1:36:20 PM,93.31,272.08,,
201,11/09/22 1:36:40 PM,92.77,1648.64,,
202,11/09/22 1:37:00 PM,91.84,516.81,,
203,11/09/22 1:37:20 PM,90.14,621.69,,
204,11/09/22 1:37:40 PM,88.75,43.54,,
205,11/09/22 1:38:00 PM,87.75,251.15,,
206,11/09/22 1:38:20 PM,87.13,96.83,,
207,11/09/22 1:38:40 PM,86.67,1000.32,,
208,11/09/22 1:39:00 PM,86.36,1074.52,,
209,11/09/22 1:39:20 PM,86.13,1168.7,,
210,11/09/22 1:39:40 PM,85.82,944.66,,
211,11/09/22 1:40:00 PM,85.66,786.51,,
212,11/09/22 1:40:20 PM,85.43,999.36,,
213,11/09/22 1:40:40 PM,85.43,1184.87,,
214,11/09/22 1:41:00 PM,85.28,843.35,,
215,11/09/22 1:41:20 PM,85.2,1650.54,,
216,11/09/22 1:41:40 PM,85.12,1266.21,,
217,11/09/22 1:42:00 PM,85.05,1303.79,,
218,11/09/22 1:42:20 PM,85.05,1229.58,,
219,11/09/22 1:42:40 PM,84.97,1352.78,,
220,11/09/22 1:43:00 PM,84.97,1266.69,,
221,11/09/22 1:43:20 PM,84.97,1699.54,,
222,11/09/22 1:43:40 PM,84.81,1015.54,,
223,11/09/22 1:44:00 PM,84.66,1158.24,,
224,11/09/22 1:44:20 PM,84.51,968.21,,
225,11/09/22 1:44:40 PM,84.66,1678.61,,
226,11/09/22 1:45:00 PM,84.51,731.33,,
227,11/09/22 1:45:20 PM,84.43,781.04,,
228,11/09/22 1:45:40 PM,84.58,1556.36,,
229,11/09/22 1:46:00 PM,84.58,1567.78,,
230,11/09/22 1:46:20 PM,84.66,1481.69,,
231,11/09/22 1:46:40 PM,84.66,1541.14,,
232,11/09/22 1:47:00 PM,84.74,1644.36,,
233,11/09/22 1:47:20 PM,84.66,1500.24,,
234,11/09/22 1:47:40 PM,84.51,768.43,,
235,11/09/22 1:48:00 PM,84.43,908.28,,
236,11/09/22 1:48:20 PM,84.43,832.65,,
237,11/09/22 1:48:40 PM,84.27,778.18,,
238,11/09/22 1:49:00 PM,84.2,2496.27,,
239,11/09/22 1:49:20 PM,85.05,4598.69,,
240,11/09/22 1:49:40 PM,85.82,4132.55,,
241,11/09/22 1:50:00 PM,85.28,2121.45,,
242,11/09/22 1:50:20 PM,84.43,1595.37,,
243,11/09/22 1:50:40 PM,84.51,1628.19,,
244,11/09/22 1:51:00 PM,84.51,1995.88,,
245,11/09/22 1:51:20 PM,84.35,1452.67,,
246,11/09/22 1:51:40 PM,84.2,1363.72,,
247,11/09/22 1:52:00 PM,84.12,1326.14,,
248,11/09/22 1:52:20 PM,84.12,2205.17,,
249,11/09/22 1:52:40 PM,84.12,1469.32,,
250,11/09/22 1:53:00 PM,84.2,2206.12,,
251,11/09/22 1:53:20 PM,84.51,3031.87,,
252,11/09/22 1:53:40 PM,84.81,3242.11,,
253,11/09/22 1:54:00 PM,84.89,3708.26,,
254,11/09/22 1:54:20 PM,84.97,2965.27,,
255,11/09/22 1:54:40 PM,85.12,2965.27,,
256,11/09/22 1:55:00 PM,85.05,3238.3,,
257,11/09/22 1:55:20 PM,84.97,1758.04,,
258,11/09/22 1:55:40 PM,84.81,1644.84,,
259,11/09/22 1:56:00 PM,84.58,1720.47,,
260,11/09/22 1:56:20 PM,84.58,1534.48,,
261,11/09/22 1:56:40 PM,84.35,1973.99,,
262,11/09/22 1:57:00 PM,84.43,1506.42,,
263,11/09/22 1:57:20 PM,84.27,1432.22,,
264,11/09/22 1:57:40 PM,84.2,1543.52,,
265,11/09/22 1:58:00 PM,84.35,1511.18,,
266,11/09/22 1:58:20 PM,84.2,1450.29,,
267,11/09/22 1:58:40 PM,84.27,1817.03,,
268,11/09/22 1:59:00 PM,84.35,1858.41,,
269,11/09/22 1:59:20 PM,84.58,2634.21,,
270,11/09/22 1:59:40 PM,84.43,2237.51,,
271,11/09/22 2:00:00 PM,84.51,1962.58,,
272,11/09/22 2:00:20 PM,84.43,1729.5,,
273,11/09/22 2:00:40 PM,84.35,2828.28,,
274,11/09/22 2:01:00 PM,84.74,4199.14,,
275,11/09/22 2:01:20 PM,84.97,3285.87,,
276,11/09/22 2:01:40 PM,85.12,3422.86,,
277,11/09/22 2:02:00 PM,85.28,3446.64,,
278,11/09/22 2:02:20 PM,84.97,2205.17,,
279,11/09/22 2:02:40 PM,85.05,2401.14,,
280,11/09/22 2:03:00 PM,84.89,1779.92,,
281,11/09/22 2:03:20 PM,84.74,3012.84,,
282,11/09/22 2:03:40 PM,84.66,1690.5,,
283,11/09/22 2:04:00 PM,84.81,3009.03,,
284,11/09/22 2:04:20 PM,84.74,1973.04,,
285,11/09/22 2:04:40 PM,84.81,2888.22,,
286,11/09/22 2:05:00 PM,84.66,2052,,
287,11/09/22 2:05:20 PM,84.81,2081.49,,
288,11/09/22 2:05:40 PM,84.74,2787.38,,
289,11/09/22 2:06:00 PM,84.74,2286.03,,
290,11/09/22 2:06:20 PM,84.58,1987.31,,
291,11/09/22 2:06:40 PM,84.43,1461.23,,
292,11/09/22 2:07:00 PM,84.12,965.83,,
293,11/09/22 2:07:20 PM,84.2,859.04,,
294,11/09/22 2:07:40 PM,84.04,917.08,,
295,11/09/22 2:08:00 PM,83.96,951.32,,
296,11/09/22 2:08:20 PM,84.12,1016.49,,
297,11/09/22 2:08:40 PM,83.96,953.23,,
298,11/09/22 2:09:00 PM,83.89,930.87,,
299,11/09/22 2:09:20 PM,83.89,908.28,,
300,11/09/22 2:09:40 PM,83.81,887.82,,
301,11/09/22 2:10:00 PM,83.81,824.32,,
302,11/09/22 2:10:20 PM,83.73,840.49,,
303,11/09/22 2:10:40 PM,83.81,1651.97,,
304,11/09/22 2:11:00 PM,83.96,2027.27,,
305,11/09/22 2:11:20 PM,84.04,1643.89,,
306,11/09/22 2:11:40 PM,83.96,1453.62,,
307,11/09/22 2:12:00 PM,83.89,1433.64,,
308,11/09/22 2:12:20 PM,83.96,1677.66,,
309,11/09/22 2:12:40 PM,84.04,1462.66,,
310,11/09/22 2:13:00 PM,83.96,1861.26,,
311,11/09/22 2:13:20 PM,83.96,1400.82,,
312,11/09/22 2:13:40 PM,83.96,1869.82,,
313,11/09/22 2:14:00 PM,84.04,2024.41,,
314,11/09/22 2:14:20 PM,84.12,3000.47,,
315,11/09/22 2:14:40 PM,84.2,1879.34,,
316,11/09/22 2:15:00 PM,84.12,1574.91,,
317,11/09/22 2:15:20 PM,84.04,1451.72,,
318,11/09/22 2:15:40 PM,83.96,1641.98,,
319,11/09/22 2:16:00 PM,83.96,1616.77,,
320,11/09/22 2:16:20 PM,83.89,1483.11,,
321,11/09/22 2:16:40 PM,83.89,1785.63,,
322,11/09/22 2:17:00 PM,83.96,1897.41,,
323,11/09/22 2:17:20 PM,83.96,1892.66,,
324,11/09/22 2:17:40 PM,83.89,1521.64,,
325,11/09/22 2:18:00 PM,83.73,1100.68,,
326,11/09/22 2:18:20 PM,83.96,1964.48,,
327,11/09/22 2:18:40 PM,84.12,2163.31,,
328,11/09/22 2:19:00 PM,84.2,2070.08,,
329,11/09/22 2:19:20 PM,84.2,1932.14,,
330,11/09/22 2:19:40 PM,84.12,1170.6,,
331,11/09/22 2:20:00 PM,84.04,1616.77,,
332,11/09/22 2:20:20 PM,84.04,1610.59,,
333,11/09/22 2:20:40 PM,83.96,1554.46,,
334,11/09/22 2:21:00 PM,83.89,940.62,,
335,11/09/22 2:21:20 PM,83.81,952.04,,
336,11/09/22 2:21:40 PM,83.58,853.57,,
337,11/09/22 2:22:00 PM,83.58,817.66,,
338,11/09/22 2:22:20 PM,83.66,2358.33,,
339,11/09/22 2:22:40 PM,83.73,1849.85,,
340,11/09/22 2:23:00 PM,83.89,1168.22,,
341,11/09/22 2:23:20 PM,83.89,2666.56,,
342,11/09/22 2:23:40 PM,83.89,1503.57,,
343,11/09/22 2:24:00 PM,83.81,1233.87,,
344,11/09/22 2:24:20 PM,83.81,1266.69,,
345,11/09/22 2:24:40 PM,83.89,1439.35,,
346,11/09/22 2:25:00 PM,83.81,1601.08,,
347,11/09/22 2:25:20 PM,83.81,1544,,
348,11/09/22 2:25:40 PM,83.89,2244.17,,
349,11/09/22 2:26:00 PM,84.12,1932.14,,
350,11/09/22 2:26:20 PM,84.2,1937.37,,
351,11/09/22 2:26:40 PM,84.27,2169.97,,
352,11/09/22 2:27:00 PM,84.35,2182.33,,
353,11/09/22 2:27:20 PM,84.2,2101.47,,
354,11/09/22 2:27:40 PM,84.04,1104.96,,
355,11/09/22 2:28:00 PM,84.2,2504.83,,
356,11/09/22 2:28:20 PM,84.35,2008.24,,
357,11/09/22 2:28:40 PM,84.35,2847.31,,
358,11/09/22 2:29:00 PM,84.43,2005.39,,
359,11/09/22 2:29:20 PM,84.2,1085.46,,
360,11/09/22 2:29:40 PM,84.2,1531.15,,
361,11/09/22 2:30:00 PM,84.2,1901.69,,
362,11/09/22 2:30:20 PM,84.2,1162.52,,
363,11/09/22 2:30:40 PM,84.12,2326.94,,
364,11/09/22 2:31:00 PM,84.2,1807.99,,
365,11/09/22 2:31:20 PM,84.12,2383.06,,
366,11/09/22 2:31:40 PM,84.2,1978.75,,
367,11/09/22 2:32:00 PM,84.2,1449.34,,
368,11/09/22 2:32:20 PM,84.43,2298.4,,
369,11/09/22 2:32:40 PM,84.43,2239.41,,
370,11/09/22 2:33:00 PM,84.35,1473.6,,
371,11/09/22 2:33:20 PM,84.27,1154.91,,
372,11/09/22 2:33:40 PM,84.12,1476.45,,
373,11/09/22 2:34:00 PM,84.04,1642.46,,
374,11/09/22 2:34:20 PM,84.04,1548.28,,
375,11/09/22 2:34:40 PM,84.12,2180.43,,
376,11/09/22 2:35:00 PM,84.35,2852.07,,
377,11/09/22 2:35:20 PM,84.27,1732.36,,
378,11/09/22 2:35:40 PM,84.35,2333.59,,
379,11/09/22 2:36:00 PM,84.43,1895.99,,
380,11/09/22 2:36:20 PM,84.27,1277.63,,
381,11/09/22 2:36:40 PM,84.43,3021.4,,
382,11/09/22 2:37:00 PM,84.51,2407.8,,
383,11/09/22 2:37:20 PM,84.51,1502.61,,
384,11/09/22 2:37:40 PM,84.35,1694.31,,
385,11/09/22 2:38:00 PM,84.58,2341.21,,
386,11/09/22 2:38:20 PM,84.66,3460.91,,
387,11/09/22 2:38:40 PM,84.74,2947.2,,
388,11/09/22 2:39:00 PM,84.74,1100.68,,
389,11/09/22 2:39:20 PM,84.35,1538.76,,
390,11/09/22 2:39:40 PM,84.58,2136.67,,
391,11/09/22 2:40:00 PM,84.74,2159.5,,
392,11/09/22 2:40:20 PM,84.74,2159.5,,
393,11/09/22 2:40:40 PM,84.97,3048.04,,
394,11/09/22 2:41:00 PM,84.81,2852.07,,
395,11/09/22 2:41:20 PM,84.89,2544.79,,
396,11/09/22 2:41:40 PM,84.81,1810.37,,
397,11/09/22 2:42:00 PM,84.58,1511.18,,
398,11/09/22 2:42:20 PM,84.35,1327.1,,
399,11/09/22 2:42:40 PM,84.43,2077.69,,
400,11/09/22 2:43:00 PM,84.58,2267.95,,
401,11/09/22 2:43:20 PM,84.51,2188.04,,
402,11/09/22 2:43:40 PM,84.58,1778.5,,
403,11/09/22 2:44:00 PM,84.51,2709.37,,
404,11/09/22 2:44:20 PM,84.43,1421.75,,
405,11/09/22 2:44:40 PM,84.51,1969.24,,
406,11/09/22 2:45:00 PM,84.43,2247.98,,
407,11/09/22 2:45:20 PM,84.35,2037.73,,
408,11/09/22 2:45:40 PM,84.43,2017.76,,
409,11/09/22 2:46:00 PM,84.35,2325.98,,
410,11/09/22 2:46:20 PM,84.35,2266.05,,
411,11/09/22 2:46:40 PM,84.43,2081.49,,
412,11/09/22 2:47:00 PM,84.43,1552.08,,
413,11/09/22 2:47:20 PM,84.43,2099.57,,
414,11/09/22 2:47:40 PM,84.35,2211.83,,
415,11/09/22 2:48:00 PM,84.43,1938.8,,
416,11/09/22 2:48:20 PM,84.43,1827.02,,
417,11/09/22 2:48:40 PM,84.35,2053.91,,
418,11/09/22 2:49:00 PM,84.35,1665.77,,
419,11/09/22 2:49:20 PM,84.35,1695.73,,
420,11/09/22 2:49:40 PM,84.35,2352.62,,
421,11/09/22 2:50:00 PM,84.43,1793.72,,
422,11/09/22 2:50:20 PM,84.43,3229.74,,
423,11/09/22 2:50:40 PM,84.43,2351.67,,
424,11/09/22 2:51:00 PM,84.35,1886.47,,
425,11/09/22 2:51:20 PM,84.35,1653.4,,
426,11/09/22 2:51:40 PM,84.35,2194.7,,
427,11/09/22 2:52:00 PM,84.35,2648.48,,
428,11/09/22 2:52:20 PM,84.35,2410.65,,
429,11/09/22 2:52:40 PM,84.27,2236.56,,
430,11/09/22 2:53:00 PM,84.2,1927.86,,
431,11/09/22 2:53:20 PM,84.35,2878.7,,
432,11/09/22 2:53:40 PM,84.35,1417,,
433,11/09/22 2:54:00 PM,84.2,1923.57,,
434,11/09/22 2:54:20 PM,84.27,2438.24,,
435,11/09/22 2:54:40 PM,84.2,2267.95,,
436,11/09/22 2:55:00 PM,84.27,1722.37,,
437,11/09/22 2:55:20 PM,84.27,2939.59,,
438,11/09/22 2:55:40 PM,84.27,1505.94,,
439,11/09/22 2:56:00 PM,84.2,2229.9,,
440,11/09/22 2:56:20 PM,84.35,1651.02,,
441,11/09/22 2:56:40 PM,84.35,1551.61,,
442,11/09/22 2:57:00 PM,84.43,1784.68,,
443,11/09/22 2:57:20 PM,84.43,1407.01,,
444,11/09/22 2:57:40 PM,84.27,1948.31,,
445,11/09/22 2:58:00 PM,84.35,1688.12,,
446,11/09/22 2:58:20 PM,84.35,1770.89,,
447,11/09/22 2:58:40 PM,84.43,1532.58,,
448,11/09/22 2:59:00 PM,84.35,2076.74,,
449,11/09/22 2:59:20 PM,84.35,1715.71,,
450,11/09/22 2:59:40 PM,84.43,1672.9,,
451,11/09/22 3:00:00 PM,84.43,1704.29,,
452,11/09/22 3:00:20 PM,84.35,1759.47,,
453,11/09/22 3:00:40 PM,84.35,1435.55,,
454,11/09/22 3:01:00 PM,84.35,2028.22,,
455,11/09/22 3:01:20 PM,84.43,2354.52,,
456,11/09/22 3:01:40 PM,84.35,1810.84,,
457,11/09/22 3:02:00 PM,84.27,1453.62,,
458,11/09/22 3:02:20 PM,84.35,1684.32,,
459,11/09/22 3:02:40 PM,84.35,1894.56,,
460,11/09/22 3:03:00 PM,84.35,2537.18,,
461,11/09/22 3:03:20 PM,84.35,2076.74,,
462,11/09/22 3:03:40 PM,84.35,1685.27,,
463,11/09/22 3:04:00 PM,84.35,1699.06,,
464,11/09/22 3:04:20 PM,84.35,1842.71,,
465,11/09/22 3:04:40 PM,84.27,2065.32,,
466,11/09/22 3:05:00 PM,84.35,2009.19,,
467,11/09/22 3:05:20 PM,84.35,1718.09,,
468,11/09/22 3:05:40 PM,84.35,1358.49,,
469,11/09/22 3:06:00 PM,84.43,2017.76,,
470,11/09/22 3:06:20 PM,84.35,1612.49,,
471,11/09/22 3:06:40 PM,84.35,1614.39,,
472,11/09/22 3:07:00 PM,84.35,2013,,
473,11/09/22 3:07:20 PM,84.43,2162.36,,
474,11/09/22 3:07:40 PM,84.27,1637.7,,
475,11/09/22 3:08:00 PM,84.27,2140.48,,
476,11/09/22 3:08:20 PM,84.27,1874.58,,
477,11/09/22 3:08:40 PM,84.2,1578.24,,
478,11/09/22 3:09:00 PM,84.35,2040.59,,
479,11/09/22 3:09:20 PM,84.27,2000.63,,
480,11/09/22 3:09:40 PM,84.27,2152.84,,
481,11/09/22 3:10:00 PM,84.27,1871.73,,
482,11/09/22 3:10:20 PM,84.27,1523.07,,
483,11/09/22 3:10:40 PM,84.27,1435.07,,
484,11/09/22 3:11:00 PM,84.2,2313.62,,
485,11/09/22 3:11:20 PM,84.35,1435.07,,
486,11/09/22 3:11:40 PM,84.35,2165.21,,
487,11/09/22 3:12:00 PM,84.35,1412.71,,
488,11/09/22 3:12:20 PM,84.27,1808.46,,
489,11/09/22 3:12:40 PM,84.2,1539.24,,
490,11/09/22 3:13:00 PM,84.27,1993.97,,
491,11/09/22 3:13:20 PM,84.35,1879.34,,
492,11/09/22 3:13:40 PM,84.35,1477.88,,
493,11/09/22 3:14:00 PM,84.27,1924.53,,
494,11/09/22 3:14:20 PM,84.35,1870.3,,
495,11/09/22 3:14:40 PM,84.35,1402.73,,
496,11/09/22 3:15:00 PM,84.35,2260.34,,
497,11/09/22 3:15:20 PM,84.27,2038.68,,
498,11/09/22 3:15:40 PM,84.2,2358.33,,
499,11/09/22 3:16:00 PM,84.2,1557.79,,
500,11/09/22 3:16:20 PM,84.12,1724.75,,
501,11/09/22 3:16:40 PM,84.2,1683.84,,
502,11/09/22 3:17:00 PM,84.2,1869.35,,
503,11/09/22 3:17:20 PM,84.12,1510.7,,
504,11/09/22 3:17:40 PM,84.2,1368.48,,
505,11/09/22 3:18:00 PM,84.12,1760.42,,
506,11/09/22 3:18:20 PM,84.12,1389.88,,
507,11/09/22 3:18:40 PM,84.04,1525.45,,
508,11/09/22 3:19:00 PM,84.12,1532.58,,
509,11/09/22 3:19:20 PM,84.12,1321.39,,
510,11/09/22 3:19:40 PM,84.04,1438.88,,
511,11/09/22 3:20:00 PM,84.12,1697.16,,
512,11/09/22 3:20:20 PM,84.12,1458.38,,
513,11/09/22 3:20:40 PM,84.04,1724.75,,
514,11/09/22 3:21:00 PM,84.04,1641.98,,
515,11/09/22 3:21:20 PM,83.96,1183.45,,
516,11/09/22 3:21:40 PM,84.04,1821.31,,
517,11/09/22 3:22:00 PM,83.96,1803.71,,
518,11/09/22 3:22:20 PM,83.96,1310.45,,
519,11/09/22 3:22:40 PM,83.96,1842.24,,
520,11/09/22 3:23:00 PM,83.96,1803.23,,
521,11/09/22 3:23:20 PM,83.96,1993.97,,
522,11/09/22 3:23:40 PM,83.96,1877.91,,
523,11/09/22 3:24:00 PM,83.96,1326.14,,
524,11/09/22 3:24:20 PM,83.89,1865.07,,
525,11/09/22 3:24:40 PM,83.89,1667.67,,
526,11/09/22 3:25:00 PM,83.89,1460.28,,
527,11/09/22 3:25:20 PM,83.89,1258.6,,
528,11/09/22 3:25:40 PM,83.73,975.11,,
529,11/09/22 3:26:00 PM,83.73,986.52,,
530,11/09/22 3:26:20 PM,83.66,1508.8,,
531,11/09/22 3:26:40 PM,83.58,1237.67,,
532,11/09/22 3:27:00 PM,83.58,1231.96,,
533,11/09/22 3:27:20 PM,83.58,1616.77,,
534,11/09/22 3:27:40 PM,83.66,1480.73,,
535,11/09/22 3:28:00 PM,83.66,1614.87,,
536,11/09/22 3:28:20 PM,83.73,1824.16,,
537,11/09/22 3:28:40 PM,83.66,1361.34,,
538,11/09/22 3:29:00 PM,83.66,1016.49,,
539,11/09/22 3:29:20 PM,83.66,959.65,,
540,11/09/22 3:29:40 PM,83.58,1296.65,,
541,11/09/22 3:30:00 PM,83.58,1126.84,,
542,11/09/22 3:30:20 PM,83.58,1170.6,,
543,11/09/22 3:30:40 PM,83.58,1016.49,,
544,11/09/22 3:31:00 PM,83.5,1024.57,,
545,11/09/22 3:31:20 PM,83.42,959.65,,
546,11/09/22 3:31:40 PM,83.5,1107.34,,
547,11/09/22 3:32:00 PM,83.42,1127.32,,
548,11/09/22 3:32:20 PM,83.58,1046.46,,
549,11/09/22 3:32:40 PM,83.5,1034.56,,
550,11/09/22 3:33:00 PM,83.5,1008.88,,
551,11/09/22 3:33:20 PM,83.58,1170.13,,
552,11/09/22 3:33:40 PM,83.5,1033.61,,
553,11/09/22 3:34:00 PM,83.5,1151.58,,
554,11/09/22 3:34:20 PM,83.5,1313.78,,
555,11/09/22 3:34:40 PM,83.5,1109.72,,
556,11/09/22 3:35:00 PM,83.42,1059.77,,
557,11/09/22 3:35:20 PM,83.5,1207.7,,
558,11/09/22 3:35:40 PM,83.35,1262.88,,
559,11/09/22 3:36:00 PM,83.35,1194.86,,
560,11/09/22 3:36:20 PM,83.42,1094.02,,
561,11/09/22 3:36:40 PM,83.42,1532.58,,
562,11/09/22 3:37:00 PM,83.42,1373.71,,
563,11/09/22 3:37:20 PM,83.35,1346.12,,
564,11/09/22 3:37:40 PM,83.42,1608.21,,
565,11/09/22 3:38:00 PM,83.35,1699.54,,
566,11/09/22 3:38:20 PM,83.42,816.95,,
567,11/09/22 3:38:40 PM,83.27,1147.3,,
568,11/09/22 3:39:00 PM,83.35,1497.38,,
569,11/09/22 3:39:20 PM,83.42,1248.61,,
570,11/09/22 3:39:40 PM,83.42,1720.47,,
571,11/09/22 3:40:00 PM,83.42,1169.65,,
572,11/09/22 3:40:20 PM,83.42,1526.4,,
573,11/09/22 3:40:40 PM,83.42,992.23,,
574,11/09/22 3:41:00 PM,83.35,887.11,,
575,11/09/22 3:41:20 PM,83.12,521.09,,
576,11/09/22 3:41:40 PM,83.19,1124.46,,
577,11/09/22 3:42:00 PM,83.19,1090.22,,
578,11/09/22 3:42:20 PM,83.27,1069.76,,
579,11/09/22 3:42:40 PM,83.27,1553.03,,
580,11/09/22 3:43:00 PM,83.35,928.02,,
581,11/09/22 3:43:20 PM,83.27,1098.78,,
582,11/09/22 3:43:40 PM,83.27,1287.14,,
583,11/09/22 3:44:00 PM,83.35,1073.09,,
584,11/09/22 3:44:20 PM,83.19,1122.56,,
585,11/09/22 3:44:40 PM,83.19,1101.16,,
586,11/09/22 3:45:00 PM,83.19,961.55,,
587,11/09/22 3:45:20 PM,83.27,1170.13,,
588,11/09/22 3:45:40 PM,83.19,853.1,,
589,11/09/22 3:46:00 PM,83.19,929.2,,
590,11/09/22 3:46:20 PM,83.27,908.28,,
591,11/09/22 3:46:40 PM,83.19,747.03,,
592,11/09/22 3:47:00 PM,83.27,885.92,,
593,11/09/22 3:47:20 PM,83.19,773.9,,
594,11/09/22 3:47:40 PM,83.27,676.15,,
595,11/09/22 3:48:00 PM,83.27,971.78,,
596,11/09/22 3:48:20 PM,83.12,1006.5,,
597,11/09/22 3:48:40 PM,83.19,824.32,,
598,11/09/22 3:49:00 PM,83.19,808.62,,
599,11/09/22 3:49:20 PM,83.19,669.49,,
600,11/09/22 3:49:40 PM,83.19,1009.83,,
601,11/09/22 3:50:00 PM,83.27,820.04,,
602,11/09/22 3:50:20 PM,83.27,842.87,,
603,11/09/22 3:50:40 PM,83.19,805.06,,
604,11/09/22 3:51:00 PM,83.19,827.18,,
605,11/09/22 3:51:20 PM,83.19,791.26,,
606,11/09/22 3:51:40 PM,83.19,912.32,,
607,11/09/22 3:52:00 PM,83.27,796.02,,
608,11/09/22 3:52:20 PM,83.19,815.28,,
609,11/09/22 3:52:40 PM,83.19,969.87,,
610,11/09/22 3:53:00 PM,83.19,868.08,,
611,11/09/22 3:53:20 PM,83.19,726.57,,
612,11/09/22 3:53:40 PM,83.12,1137.31,,
613,11/09/22 3:54:00 PM,83.12,740.84,,
614,11/09/22 3:54:20 PM,83.12,856.67,,
615,11/09/22 3:54:40 PM,83.12,959.17,,
616,11/09/22 3:55:00 PM,83.04,680.43,,
617,11/09/22 3:55:20 PM,83.04,694.7,,
618,11/09/22 3:55:40 PM,83.04,646.9,,
619,11/09/22 3:56:00 PM,83.04,736.09,,
620,11/09/22 3:56:20 PM,83.12,620.5,,
621,11/09/22 3:56:40 PM,83.04,900.9,,
622,11/09/22 3:57:00 PM,83.12,937.53,,
623,11/09/22 3:57:20 PM,83.12,847.15,,
624,11/09/22 3:57:40 PM,83.19,1070.71,,
625,11/09/22 3:58:00 PM,83.04,782.23,,
626,11/09/22 3:58:20 PM,83.04,779.37,,
627,11/09/22 3:58:40 PM,83.04,830.27,,
628,11/09/22 3:59:00 PM,83.12,752.26,,
629,11/09/22 3:59:20 PM,83.12,754.64,,
630,11/09/22 3:59:40 PM,83.12,650.7,,
631,11/09/22 4:00:00 PM,83.12,1010.78,,
632,11/09/22 4:00:20 PM,83.04,698.27,,
633,11/09/22 4:00:40 PM,83.12,867.37,,
634,11/09/22 4:01:00 PM,83.12,973.44,,
635,11/09/22 4:01:20 PM,83.04,740.37,,
636,11/09/22 4:01:40 PM,83.12,782.23,,
637,11/09/22 4:02:00 PM,83.04,790.07,,
638,11/09/22 4:02:20 PM,83.12,606.71,,
639,11/09/22 4:02:40 PM,83.12,884.73,,
640,11/09/22 4:03:00 PM,83.04,807.44,,
641,11/09/22 4:03:20 PM,83.04,1271.92,,
642,11/09/22 4:03:40 PM,82.96,564.61,,
643,11/09/22 4:04:00 PM,82.96,592.44,,
644,11/09/22 4:04:20 PM,82.88,484.7,,
645,11/09/22 4:04:40 PM,82.88,403.12,,
646,11/09/22 4:05:00 PM,82.81,319.53,,
647,11/09/22 4:05:20 PM,82.73,308.11,,
648,11/09/22 4:05:40 PM,82.73,293.25,,
649,11/09/22 4:06:00 PM,82.73,290.39,,
650,11/09/22 4:06:20 PM,82.73,276.95,,
651,11/09/22 4:06:40 PM,82.65,281.59,,
652,11/09/22 4:07:00 PM,82.65,284.56,,
653,11/09/22 4:07:20 PM,82.65,324.04,,
654,11/09/22 4:07:40 PM,82.57,316.55,,
655,11/09/22 4:08:00 PM,82.5,327.26,,
656,11/09/22 4:08:20 PM,82.65,332.73,,
657,11/09/22 4:08:40 PM,82.57,336.53,,
658,11/09/22 4:09:00 PM,82.57,312.03,,
659,11/09/22 4:09:20 PM,82.57,339.62,,
660,11/09/22 4:09:40 PM,82.5,306.44,,
661,11/09/22 4:10:00 PM,82.57,341.64,,
662,11/09/22 4:10:20 PM,82.57,396.82,,
663,11/09/22 4:10:40 PM,82.57,401.34,,
664,11/09/22 4:11:00 PM,82.57,396.23,,
665,11/09/22 4:11:20 PM,82.57,387.55,,
666,11/09/22 4:11:40 PM,82.57,385.76,,
667,11/09/22 4:12:00 PM,82.57,325.47,,
668,11/09/22 4:12:20 PM,82.57,365.66,,
669,11/09/22 4:12:40 PM,82.57,334.15,,
670,11/09/22 4:13:00 PM,82.57,351.87,,
671,11/09/22 4:13:20 PM,82.57,356.39,,
672,11/09/22 4:13:40 PM,82.57,313.46,,
673,11/09/22 4:14:00 PM,82.57,295.03,,
674,11/09/22 4:14:20 PM,82.57,292.77,,
675,11/09/22 4:14:40 PM,82.57,301.57,,
676,11/09/22 4:15:00 PM,82.5,272.91,,
677,11/09/22 4:15:20 PM,82.57,280.4,,
678,11/09/22 4:15:40 PM,82.5,277.43,,
679,11/09/22 4:16:00 PM,82.5,271.13,,
680,11/09/22 4:16:20 PM,82.5,261.97,,
681,11/09/22 4:16:40 PM,82.5,268.51,,
682,11/09/22 4:17:00 PM,82.5,274.69,,
683,11/09/22 4:17:20 PM,82.5,303.12,,
684,11/09/22 4:17:40 PM,82.5,315.24,,
685,11/09/22 4:18:00 PM,82.5,283.38,,
686,11/09/22 4:18:20 PM,82.42,288.96,,
687,11/09/22 4:18:40 PM,82.42,266.01,,
688,11/09/22 4:19:00 PM,82.42,287.89,,
689,11/09/22 4:19:20 PM,82.42,299.31,,
690,11/09/22 4:19:40 PM,82.42,286.35,,
691,11/09/22 4:20:00 PM,82.42,270.53,,
692,11/09/22 4:20:20 PM,82.42,273.15,,
693,11/09/22 4:20:40 PM,82.42,270.77,,
694,11/09/22 4:21:00 PM,82.42,290.15,,
695,11/09/22 4:21:20 PM,82.42,284.56,,
696,11/09/22 4:21:40 PM,82.42,306.33,,
697,11/09/22 4:22:00 PM,82.42,314.65,,
698,11/09/22 4:22:20 PM,82.42,333.56,,
699,11/09/22 4:22:40 PM,82.42,339.03,,
700,11/09/22 4:23:00 PM,82.42,362.34,,
701,11/09/22 4:23:20 PM,82.42,311.08,,
702,11/09/22 4:23:40 PM,82.34,302.28,,
703,11/09/22 4:24:00 PM,82.42,284.45,,
704,11/09/22 4:24:20 PM,82.42,295.03,,
705,11/09/22 4:24:40 PM,82.34,378.51,,
706,11/09/22 4:25:00 PM,82.34,308.47,,
707,11/09/22 4:25:20 PM,82.42,335.1,,
708,11/09/22 4:25:40 PM,82.42,328.8,,
709,11/09/22 4:26:00 PM,82.34,301.81,,
710,11/09/22 4:26:20 PM,82.42,278.02,,
711,11/09/22 4:26:40 PM,82.5,307.16,,
712,11/09/22 4:27:00 PM,82.34,303.59,,
713,11/09/22 4:27:20 PM,82.42,287.78,,
714,11/09/22 4:27:40 PM,82.34,296.46,,
715,11/09/22 4:28:00 PM,82.34,339.27,,
716,11/09/22 4:28:20 PM,82.42,309.66,,
717,11/09/22 4:28:40 PM,82.42,328.21,,
718,11/09/22 4:29:00 PM,82.34,293.6,,
719,11/09/22 4:29:20 PM,82.42,257.57,,
720,11/09/22 4:29:40 PM,82.42,309.18,,
721,11/09/22 4:30:00 PM,82.42,282.66,,
722,11/09/22 4:30:20 PM,82.42,299.31,,
723,11/09/22 4:30:40 PM,82.34,264.35,,
724,11/09/22 4:31:00 PM,82.34,230.04,,
725,11/09/22 4:31:20 PM,82.34,264.35,,
726,11/09/22 4:31:40 PM,82.34,276.6,,
727,11/09/22 4:32:00 PM,82.27,222.07,,
728,11/09/22 4:32:20 PM,82.34,225.11,,
729,11/09/22 4:32:40 PM,82.27,222.55,,
730,11/09/22 4:33:00 PM,82.27,231.53,,
731,11/09/22 4:33:20 PM,82.27,221.36,,
732,11/09/22 4:33:40 PM,82.27,206.2,,
733,11/09/22 4:34:00 PM,82.27,203.94,,
734,11/09/22 4:34:20 PM,82.27,205.19,,
735,11/09/22 4:34:40 PM,82.34,226.47,,
736,11/09/22 4:35:00 PM,82.27,253.41,,
737,11/09/22 4:35:20 PM,82.27,244.85,,
738,11/09/22 4:35:40 PM,82.27,259.83,,
739,11/09/22 4:36:00 PM,82.34,305.37,,
740,11/09/22 4:36:20 PM,82.27,296.1,,
741,11/09/22 4:36:40 PM,82.34,308.7,,
742,11/09/22 4:37:00 PM,82.27,276.83,,
743,11/09/22 4:37:20 PM,82.27,332.37,,
744,11/09/22 4:37:40 PM,82.34,259.35,,
745,11/09/22 4:38:00 PM,82.27,283.49,,
746,11/09/22 4:38:20 PM,82.34,259.83,,
747,11/09/22 4:38:40 PM,82.34,237.12,,
748,11/09/22 4:39:00 PM,82.27,285.75,,
749,11/09/22 4:39:20 PM,82.34,244.73,,
750,11/09/22 4:39:40 PM,82.34,288.61,,
751,11/09/22 4:40:00 PM,82.27,271.48,,
752,11/09/22 4:40:20 PM,82.27,308.23,,
753,11/09/22 4:40:40 PM,82.27,241.58,,
754,11/09/22 4:41:00 PM,82.19,238.72,,
755,11/09/22 4:41:20 PM,82.27,261.02,,
756,11/09/22 4:41:40 PM,82.27,280.52,,
757,11/09/22 4:42:00 PM,82.34,276.24,,
758,11/09/22 4:42:20 PM,82.27,221.36,,
759,11/09/22 4:42:40 PM,82.27,236.46,,
760,11/09/22 4:43:00 PM,82.27,245.2,,
761,11/09/22 4:43:20 PM,82.27,225.23,,
762,11/09/22 4:43:40 PM,82.11,227.37,,
763,11/09/22 4:44:00 PM,82.11,255.31,,
764,11/09/22 4:44:20 PM,82.19,211.79,,
765,11/09/22 4:44:40 PM,82.27,223.62,,
766,11/09/22 4:45:00 PM,82.27,261.38,,
767,11/09/22 4:45:20 PM,82.19,232,,
768,11/09/22 4:45:40 PM,82.19,243.24,,
769,11/09/22 4:46:00 PM,82.19,197.99,,
770,11/09/22 4:46:20 PM,82.19,190.03,,
771,11/09/22 4:46:40 PM,82.11,188.54,,
772,11/09/22 4:47:00 PM,82.03,196.45,,
773,11/09/22 4:47:20 PM,82.03,175.64,,
774,11/09/22 4:47:40 PM,82.11,201.86,,
775,11/09/22 4:48:00 PM,82.03,185.09,,
776,11/09/22 4:48:20 PM,82.11,194.84,,
777,11/09/22 4:48:40 PM,82.03,192.29,,
778,11/09/22 4:49:00 PM,82.11,212.8,,
779,11/09/22 4:49:20 PM,82.11,209.05,,
780,11/09/22 4:49:40 PM,82.11,239.5,,
781,11/09/22 4:50:00 PM,82.03,194.25,,
782,11/09/22 4:50:20 PM,82.11,205.31,,
783,11/09/22 4:50:40 PM,81.96,208.46,,
784,11/09/22 4:51:00 PM,82.03,199.78,,
785,11/09/22 4:51:20 PM,82.03,178.31,,
786,11/09/22 4:51:40 PM,82.03,203.35,,
787,11/09/22 4:52:00 PM,82.03,238.01,,
788,11/09/22 4:52:20 PM,82.03,187.35,,
789,11/09/22 4:52:40 PM,82.03,161.43,,
790,11/09/22 4:53:00 PM,82.03,211.02,,
791,11/09/22 4:53:20 PM,82.03,172.96,,
792,11/09/22 4:53:40 PM,81.96,178.49,,
793,11/09/22 4:54:00 PM,81.96,191.22,,
794,11/09/22 4:54:20 PM,82.03,181.35,,
795,11/09/22 4:54:40 PM,81.88,205.19,,
796,11/09/22 4:55:00 PM,81.96,220.47,,
797,11/09/22 4:55:20 PM,82.03,210.72,,
798,11/09/22 4:55:40 PM,81.96,181.46,,
799,11/09/22 4:56:00 PM,81.88,188.36,,
800,11/09/22 4:56:20 PM,81.96,191.81,,
801,11/09/22 4:56:40 PM,81.88,170.52,,
802,11/09/22 4:57:00 PM,81.88,169.51,,
803,11/09/22 4:57:20 PM,81.96,147.63,,
804,11/09/22 4:57:40 PM,81.88,151.97,,
805,11/09/22 4:58:00 PM,81.8,151.74,,
806,11/09/22 4:58:20 PM,81.8,149.83,,
807,11/09/22 4:58:40 PM,81.8,138.24,,
808,11/09/22 4:59:00 PM,81.8,130.81,,
809,11/09/22 4:59:20 PM,81.88,119.51,,
810,11/09/22 4:59:40 PM,81.8,118.32,,
811,11/09/22 4:59:59 PM,,,Logged,Logged