Plot Title: 21126989,,,,,
#,"Date Time, GMT-06:00","Temp, °F (LGR S/N: 21126989, SEN S/N: 21126989)","Intensity, lum/ft² (LGR S/N: 21126989, SEN S/N: 21126989)",Stopped (LGR S/N: 21126989),End Of File (LGR S/N: 21126989)
1,11/9/2022 12:30,91.22,2329.79,,
2,11/9/2022 12:30,91.84,4351.35,,
3,11/9/2022 12:30,92.15,1485.49,,
4,11/9/2022 12:31,91.84,441.77,,
5,11/9/2022 12:31,91.53,477.21,,
6,11/9/2022 12:31,91.22,469.72,,
7,11/9/2022 12:32,90.99,477.92,,
8,11/9/2022 12:32,90.84,494.21,,
9,11/9/2022 12:32,90.61,471.38,,
10,11/9/2022 12:33,90.3,488.74,,
11,11/9/2022 12:33,90.14,571.98,,
12,11/9/2022 12:33,89.99,506.58,,
13,11/9/2022 12:34,89.76,446.65,,
14,11/9/2022 12:34,89.6,447,,
15,11/9/2022 12:34,89.37,657.36,,
16,11/9/2022 12:35,89.6,898.52,,
17,11/9/2022 12:35,89.37,821.71,,
18,11/9/2022 12:35,89.52,980.81,,
19,11/9/2022 12:36,89.45,480.54,,
20,11/9/2022 12:36,89.37,478.28,,
21,11/9/2022 12:36,89.06,472.69,,
22,11/9/2022 12:37,88.91,516.33,,
23,11/9/2022 12:37,88.75,547.25,,
24,11/9/2022 12:37,88.6,503.73,,
25,11/9/2022 12:38,88.52,511.81,,
26,11/9/2022 12:38,88.37,495.64,,
27,11/9/2022 12:38,88.29,507.77,,
28,11/9/2022 12:39,88.06,514.43,,
29,11/9/2022 12:39,88.06,549.15,,
30,11/9/2022 12:39,87.98,488.74,,
31,11/9/2022 12:40,87.9,434.52,,
32,11/9/2022 12:40,87.83,656.41,,
33,11/9/2022 12:40,88.06,516.09,,
34,11/9/2022 12:41,88.13,501.58,,
35,11/9/2022 12:41,88.13,866.42,,
36,11/9/2022 12:41,88.52,800.54,,
37,11/9/2022 12:42,88.75,640,,
38,11/9/2022 12:42,88.98,1056.44,,
39,11/9/2022 12:42,89.22,858.33,,
40,11/9/2022 12:43,89.45,244.01,,
41,11/9/2022 12:43,89.52,1568.26,,
42,11/9/2022 12:43,90.45,1858.88,,
43,11/9/2022 12:44,91.3,1681.94,,
44,11/9/2022 12:44,91.61,210.36,,
45,11/9/2022 12:44,91.61,1001.74,,
46,11/9/2022 12:45,91.76,1125.89,,
47,11/9/2022 12:45,91.69,1025.53,,
48,11/9/2022 12:45,90.91,1055.02,,
49,11/9/2022 12:46,90.06,947.99,,
50,11/9/2022 12:46,89.37,961.07,,
51,11/9/2022 12:46,88.68,814.33,,
52,11/9/2022 12:47,87.98,836.69,,
53,11/9/2022 12:47,87.44,778.9,,
54,11/9/2022 12:47,86.9,841.44,,
55,11/9/2022 12:48,86.44,840.02,,
56,11/9/2022 12:48,86.05,850.48,,
57,11/9/2022 12:48,85.82,855.71,,
58,11/9/2022 12:49,85.51,815.05,,
59,11/9/2022 12:49,85.2,845.96,,
60,11/9/2022 12:49,85.05,850.48,,
61,11/9/2022 12:50,84.81,865.7,,
62,11/9/2022 12:50,84.74,740.13,,
63,11/9/2022 12:50,84.51,840.02,,
64,11/9/2022 12:51,84.27,880.69,,
65,11/9/2022 12:51,84.12,785.32,,
66,11/9/2022 12:51,83.89,276.6,,
67,11/9/2022 12:52,83.42,278.26,,
68,11/9/2022 12:52,83.04,283.02,,
69,11/9/2022 12:52,82.73,280.52,,
70,11/9/2022 12:53,82.42,287.66,,
71,11/9/2022 12:53,82.27,642.62,,
72,11/9/2022 12:53,82.11,832.17,,
73,11/9/2022 12:54,82.34,857.86,,
74,11/9/2022 12:54,82.5,841.44,,
75,11/9/2022 12:54,82.65,834.79,,
76,11/9/2022 12:55,82.88,815.05,,
77,11/9/2022 12:55,82.96,761.77,,
78,11/9/2022 12:55,83.12,522.04,,
79,11/9/2022 12:56,83.19,517.04,,
80,11/9/2022 12:56,82.88,467.1,,
81,11/9/2022 12:56,82.73,529.41,,
82,11/9/2022 12:57,82.5,523.23,,
83,11/9/2022 12:57,82.65,517.28,,
84,11/9/2022 12:57,82.5,496.59,,
85,11/9/2022 12:58,82.42,505.39,,
86,11/9/2022 12:58,82.5,498.26,,
87,11/9/2022 12:58,82.5,505.15,,
88,11/9/2022 12:59,82.5,522.51,,
89,11/9/2022 12:59,82.57,494.69,,
90,11/9/2022 12:59,82.65,490.64,,
91,11/9/2022 13:00,82.73,471.38,,
92,11/9/2022 13:00,82.88,433.8,,
93,11/9/2022 13:00,82.88,422.03,,
94,11/9/2022 13:01,82.88,490.88,,
95,11/9/2022 13:01,82.81,547.96,,
96,11/9/2022 13:01,82.88,520.37,,
97,11/9/2022 13:02,82.88,498.26,,
98,11/9/2022 13:02,82.96,517.28,,
99,11/9/2022 13:02,83.04,524.18,,
100,11/9/2022 13:03,83.12,521.56,,
101,11/9/2022 13:03,83.27,534.64,,
102,11/9/2022 13:03,83.19,521.56,,
103,11/9/2022 13:04,83.35,509.67,,
104,11/9/2022 13:04,83.42,513.71,,
105,11/9/2022 13:04,83.5,514.9,,
106,11/9/2022 13:05,84.89,5833.51,,
107,11/9/2022 13:05,84.81,1195.34,,
108,11/9/2022 13:05,84.27,974.15,,
109,11/9/2022 13:06,83.66,1190.1,,
110,11/9/2022 13:06,83.04,1060.72,,
111,11/9/2022 13:06,82.5,1127.32,,
112,11/9/2022 13:07,81.96,1133.5,,
113,11/9/2022 13:07,81.65,1043.13,,
114,11/9/2022 13:07,81.26,994.61,,
115,11/9/2022 13:08,81.03,1008.4,,
116,11/9/2022 13:08,80.8,979.86,,
117,11/9/2022 13:08,80.72,1060.72,,
118,11/9/2022 13:09,80.64,1152.53,,
119,11/9/2022 13:09,80.41,1084.51,,
120,11/9/2022 13:09,80.26,1056.92,,
121,11/9/2022 13:10,80.26,1069.29,,
122,11/9/2022 13:10,80.1,718.96,,
123,11/9/2022 13:10,79.95,1066.43,,
124,11/9/2022 13:11,79.95,1768.03,,
125,11/9/2022 13:11,80.49,1652.92,,
126,11/9/2022 13:11,80.57,701.84,,
127,11/9/2022 13:12,81.03,2081.49,,
128,11/9/2022 13:12,81.65,2125.26,,
129,11/9/2022 13:12,82.19,2207.07,,
130,11/9/2022 13:13,82.57,2362.13,,
131,11/9/2022 13:13,83.04,2269.86,,
132,11/9/2022 13:13,83.35,2407.8,,
133,11/9/2022 13:14,83.66,2330.74,,
134,11/9/2022 13:14,83.89,2317.42,,
135,11/9/2022 13:14,84.27,2382.11,,
136,11/9/2022 13:15,84.66,2416.36,,
137,11/9/2022 13:15,84.97,2411.6,,
138,11/9/2022 13:15,85.28,2372.6,,
139,11/9/2022 13:16,85.51,2317.42,,
140,11/9/2022 13:16,85.82,2402.09,,
141,11/9/2022 13:16,86.13,2360.23,,
142,11/9/2022 13:17,86.28,2401.14,,
143,11/9/2022 13:17,86.51,2480.1,,
144,11/9/2022 13:17,86.67,2347.86,,
145,11/9/2022 13:18,86.82,2370.7,,
146,11/9/2022 13:18,87.05,2358.33,,
147,11/9/2022 13:18,87.29,2336.45,,
148,11/9/2022 13:19,87.44,2467.73,,
149,11/9/2022 13:19,87.59,2417.31,,
150,11/9/2022 13:19,88.06,3012.84,,
151,11/9/2022 13:20,88.52,2729.34,,
152,11/9/2022 13:20,88.91,3243.06,,
153,11/9/2022 13:20,88.91,1752.34,,
154,11/9/2022 13:21,88.91,6495.63,,
155,11/9/2022 13:21,91.22,7812.26,,
156,11/9/2022 13:21,93,8995.71,,
157,11/9/2022 13:22,91.38,4610.11,,
158,11/9/2022 13:22,92.77,8272.7,,
159,11/9/2022 13:22,93.62,7077.84,,
160,11/9/2022 13:23,92.61,6252.09,,
161,11/9/2022 13:23,92.38,6288.24,,
162,11/9/2022 13:23,92.54,6767.71,,
163,11/9/2022 13:24,93.54,9307.74,,
164,11/9/2022 13:24,94.08,9159.34,,
165,11/9/2022 13:24,93.93,8915.8,,
166,11/9/2022 13:25,93.46,3786.26,,
167,11/9/2022 13:25,94.7,9330.57,,
168,11/9/2022 13:25,94.62,5690.81,,
169,11/9/2022 13:26,94,5784.04,,
170,11/9/2022 13:26,94,5740.28,,
171,11/9/2022 13:26,94.08,5818.29,,
172,11/9/2022 13:27,94,5814.48,,
173,11/9/2022 13:27,94,5820.19,,
174,11/9/2022 13:27,94,5825.9,,
175,11/9/2022 13:28,94.08,5808.78,,
176,11/9/2022 13:28,94.08,5827.8,,
177,11/9/2022 13:28,94.23,5835.41,,
178,11/9/2022 13:29,94.31,5835.41,,
179,11/9/2022 13:29,94.31,5848.73,,
180,11/9/2022 13:29,94.23,5863.95,,
181,11/9/2022 13:30,94.39,5862.05,,
182,11/9/2022 13:30,94.31,5877.27,,
183,11/9/2022 13:30,94.47,5896.3,,
184,11/9/2022 13:31,94.39,5932.45,,
185,11/9/2022 13:31,94.62,5922.94,,
186,11/9/2022 13:31,94.54,5818.29,,
187,11/9/2022 13:32,94.62,5616.61,,
188,11/9/2022 13:32,94,5087.67,,
189,11/9/2022 13:32,93.85,6202.62,,
190,11/9/2022 13:33,94.23,6080.86,,
191,11/9/2022 13:33,94.39,6117.01,,
192,11/9/2022 13:33,94.62,6227.36,,
193,11/9/2022 13:34,94.54,5976.21,,
194,11/9/2022 13:34,94.78,6010.46,,
195,11/9/2022 13:34,94.85,6335.81,,
196,11/9/2022 13:35,95.08,5570.95,,
197,11/9/2022 13:35,95.24,6168.38,,
198,11/9/2022 13:35,95.47,6259.7,,
199,11/9/2022 13:36,95.47,6151.25,,
200,11/9/2022 13:36,95.62,6362.45,,
201,11/9/2022 13:36,95.55,6385.28,,
202,11/9/2022 13:37,95.7,5928.64,,
203,11/9/2022 13:37,95.78,6491.83,,
204,11/9/2022 13:37,95.93,6520.37,,
205,11/9/2022 13:38,96.09,6516.56,,
206,11/9/2022 13:38,96.01,6299.66,,
207,11/9/2022 13:38,96.24,6569.83,,
208,11/9/2022 13:39,96.47,6280.63,,
209,11/9/2022 13:39,96.63,5854.44,,
210,11/9/2022 13:39,96.55,6219.75,,
211,11/9/2022 13:40,96.32,6567.93,,
212,11/9/2022 13:40,96.09,6807.67,,
213,11/9/2022 13:40,96.4,6678.29,,
214,11/9/2022 13:41,96.32,4216.26,,
215,11/9/2022 13:41,95.86,6467.09,,
216,11/9/2022 13:41,96.32,6777.22,,
217,11/9/2022 13:42,96.55,6638.33,,
218,11/9/2022 13:42,96.63,6777.22,,
219,11/9/2022 13:42,96.86,6516.56,,
220,11/9/2022 13:43,96.94,6227.36,,
221,11/9/2022 13:43,97.17,6851.43,,
222,11/9/2022 13:43,97.32,5957.18,,
223,11/9/2022 13:44,96.47,5540.5,,
224,11/9/2022 13:44,95.78,3772.95,,
225,11/9/2022 13:44,96.4,7140.63,,
226,11/9/2022 13:45,96.01,3987.94,,
227,11/9/2022 13:45,95.32,3563.66,,
228,11/9/2022 13:45,95.86,6809.57,,
229,11/9/2022 13:46,96.17,6760.1,,
230,11/9/2022 13:46,96.47,6832.4,,
231,11/9/2022 13:46,96.86,6838.11,,
232,11/9/2022 13:47,97.25,6499.44,,
233,11/9/2022 13:47,97.01,5340.73,,
234,11/9/2022 13:47,96.09,3521.8,,
235,11/9/2022 13:48,95.47,4743.3,,
236,11/9/2022 13:48,95.08,3672.11,,
237,11/9/2022 13:48,94.23,3680.67,,
238,11/9/2022 13:49,93.54,3337.24,,
239,11/9/2022 13:49,93.15,4147.77,,
240,11/9/2022 13:49,93.46,3970.82,,
241,11/9/2022 13:50,92.92,3415.25,,
242,11/9/2022 13:50,92.54,3915.64,,
243,11/9/2022 13:50,92.46,4005.07,,
244,11/9/2022 13:51,92.84,4596.79,,
245,11/9/2022 13:51,92.3,3342.95,,
246,11/9/2022 13:51,91.76,3264.94,,
247,11/9/2022 13:52,91.38,3305.85,,
248,11/9/2022 13:52,91.69,5409.22,,
249,11/9/2022 13:52,91.3,3439.98,,
250,11/9/2022 13:53,91.45,6035.19,,
251,11/9/2022 13:53,92.46,6727.75,,
252,11/9/2022 13:53,93.62,7384.17,,
253,11/9/2022 13:54,94.54,7353.72,,
254,11/9/2022 13:54,95.32,7408.9,,
255,11/9/2022 13:54,96.01,7133.02,,
256,11/9/2022 13:55,96.4,7323.28,,
257,11/9/2022 13:55,95.78,4142.06,,
258,11/9/2022 13:55,95.24,3766.29,,
259,11/9/2022 13:56,94.7,4039.32,,
260,11/9/2022 13:56,94.08,3594.1,,
261,11/9/2022 13:56,93.46,3872.83,,
262,11/9/2022 13:57,92.92,3500.87,,
263,11/9/2022 13:57,92.46,3342.95,,
264,11/9/2022 13:57,92,3658.79,,
265,11/9/2022 13:58,92,3806.24,,
266,11/9/2022 13:58,91.76,3376.24,,
267,11/9/2022 13:58,91.84,4151.57,,
268,11/9/2022 13:59,91.92,4330.42,,
269,11/9/2022 13:59,92.61,6508.95,,
270,11/9/2022 13:59,92.61,5276.04,,
271,11/9/2022 14:00,92.69,4379.89,,
272,11/9/2022 14:00,92.61,4362.77,,
273,11/9/2022 14:00,92.77,6862.84,,
274,11/9/2022 14:01,93.93,7467.88,,
275,11/9/2022 14:01,95.08,7559.21,,
276,11/9/2022 14:01,95.78,7574.43,,
277,11/9/2022 14:02,96.24,6385.28,,
278,11/9/2022 14:02,95.86,5249.4,,
279,11/9/2022 14:02,95.86,4870.77,,
280,11/9/2022 14:03,95.08,4048.83,,
281,11/9/2022 14:03,95.01,6179.79,,
282,11/9/2022 14:03,94.85,5447.27,,
283,11/9/2022 14:04,95.24,6798.15,,
284,11/9/2022 14:04,95.39,5218.96,,
285,11/9/2022 14:04,95.32,4809.89,,
286,11/9/2022 14:05,94.39,4815.6,,
287,11/9/2022 14:05,94.78,4440.77,,
288,11/9/2022 14:05,94.62,5108.6,,
289,11/9/2022 14:06,94.39,4912.63,,
290,11/9/2022 14:06,94.16,3782.46,,
291,11/9/2022 14:06,93.23,3179.32,,
292,11/9/2022 14:07,92.3,2337.4,,
293,11/9/2022 14:07,91.53,2236.56,,
294,11/9/2022 14:07,90.76,2292.69,,
295,11/9/2022 14:08,90.22,2352.62,,
296,11/9/2022 14:08,89.99,2453.46,,
297,11/9/2022 14:08,89.45,2321.23,,
298,11/9/2022 14:09,89.06,2197.56,,
299,11/9/2022 14:09,88.6,2191.85,,
300,11/9/2022 14:09,88.13,2151.89,,
301,11/9/2022 14:10,87.75,2134.77,,
302,11/9/2022 14:10,87.52,2159.5,,
303,11/9/2022 14:10,87.83,4225.78,,
304,11/9/2022 14:11,88.37,4102.1,,
305,11/9/2022 14:11,88.6,3670.2,,
306,11/9/2022 14:11,88.6,3342.95,,
307,11/9/2022 14:12,88.68,3462.81,,
308,11/9/2022 14:12,88.83,3675.91,,
309,11/9/2022 14:12,88.91,3704.45,,
310,11/9/2022 14:13,88.98,3652.13,,
311,11/9/2022 14:13,89.14,3751.07,,
312,11/9/2022 14:13,89.29,4026,,
313,11/9/2022 14:14,89.68,4625.33,,
314,11/9/2022 14:14,90.22,5007.76,,
315,11/9/2022 14:14,90.68,5262.72,,
316,11/9/2022 14:15,91.07,4376.08,,
317,11/9/2022 14:15,90.84,4020.29,,
318,11/9/2022 14:15,90.76,3596,,
319,11/9/2022 14:16,90.45,3531.31,,
320,11/9/2022 14:16,90.45,3908.03,,
321,11/9/2022 14:16,90.61,4199.14,,
322,11/9/2022 14:17,90.53,3862.37,,
323,11/9/2022 14:17,90.68,3886.15,,
324,11/9/2022 14:17,90.68,4024.1,,
325,11/9/2022 14:18,90.37,2876.8,,
326,11/9/2022 14:18,90.99,4943.07,,
327,11/9/2022 14:18,91.53,5051.52,,
328,11/9/2022 14:19,91.84,4939.27,,
329,11/9/2022 14:19,92.15,5002.06,,
330,11/9/2022 14:19,92,3848.1,,
331,11/9/2022 14:20,91.61,3898.52,,
332,11/9/2022 14:20,91.61,3900.42,,
333,11/9/2022 14:20,91.61,4233.39,,
334,11/9/2022 14:21,90.91,2440.14,,
335,11/9/2022 14:21,90.45,2245.12,,
336,11/9/2022 14:21,89.6,1989.22,,
337,11/9/2022 14:22,88.98,2071.03,,
338,11/9/2022 14:22,89.45,4168.7,,
339,11/9/2022 14:22,89.52,3023.3,,
340,11/9/2022 14:23,89.68,3352.46,,
341,11/9/2022 14:23,89.83,3968.92,,
342,11/9/2022 14:23,89.6,2834.94,,
343,11/9/2022 14:24,89.45,2914.85,,
344,11/9/2022 14:24,88.98,2887.26,,
345,11/9/2022 14:24,88.91,3028.06,,
346,11/9/2022 14:25,88.75,3113.68,,
347,11/9/2022 14:25,88.83,3522.75,,
348,11/9/2022 14:25,89.37,4452.19,,
349,11/9/2022 14:26,89.83,4145.86,,
350,11/9/2022 14:26,90.22,4393.21,,
351,11/9/2022 14:26,90.61,4836.52,,
352,11/9/2022 14:27,90.99,4924.05,,
353,11/9/2022 14:27,90.91,4353.25,,
354,11/9/2022 14:27,89.76,3617.88,,
355,11/9/2022 14:28,90.68,4729.98,,
356,11/9/2022 14:28,90.91,4678.61,,
357,11/9/2022 14:28,91.15,4722.37,,
358,11/9/2022 14:29,91.38,4039.32,,
359,11/9/2022 14:29,90.84,3299.19,,
360,11/9/2022 14:29,90.91,3693.03,,
361,11/9/2022 14:30,90.91,4631.04,,
362,11/9/2022 14:30,91.15,3302.04,,
363,11/9/2022 14:30,90.99,4891.7,,
364,11/9/2022 14:31,91.07,3601.71,,
365,11/9/2022 14:31,90.99,4377.99,,
366,11/9/2022 14:31,91.53,4819.4,,
367,11/9/2022 14:32,91.38,4157.28,,
368,11/9/2022 14:32,91.92,5169.49,,
369,11/9/2022 14:32,92.23,4872.68,,
370,11/9/2022 14:33,92.15,3399.08,,
371,11/9/2022 14:33,91.53,3123.19,,
372,11/9/2022 14:33,91.3,3744.41,,
373,11/9/2022 14:34,91.07,4202.94,,
374,11/9/2022 14:34,91.15,4026,,
375,11/9/2022 14:34,91.07,5325.5,,
376,11/9/2022 14:35,92.15,5730.77,,
377,11/9/2022 14:35,92.07,4046.93,,
378,11/9/2022 14:35,92.23,4952.59,,
379,11/9/2022 14:36,91.92,2832.09,,
380,11/9/2022 14:36,91.22,3140.32,,
381,11/9/2022 14:36,92.3,5903.91,,
382,11/9/2022 14:37,92.92,5941.96,,
383,11/9/2022 14:37,92.84,3484.7,,
384,11/9/2022 14:37,91.76,3940.38,,
385,11/9/2022 14:38,92.84,6025.68,,
386,11/9/2022 14:38,93.54,6027.58,,
387,11/9/2022 14:38,94.08,6014.26,,
388,11/9/2022 14:39,93.31,2646.58,,
389,11/9/2022 14:39,92.3,4688.12,,
390,11/9/2022 14:39,93.15,5936.25,,
391,11/9/2022 14:40,93.85,5941.96,,
392,11/9/2022 14:40,94.31,5808.78,,
393,11/9/2022 14:40,94.62,5875.37,,
394,11/9/2022 14:41,95.16,5759.31,,
395,11/9/2022 14:41,95.32,5745.99,,
396,11/9/2022 14:41,95.39,4874.58,,
397,11/9/2022 14:42,94.93,3879.49,,
398,11/9/2022 14:42,93.62,4282.86,,
399,11/9/2022 14:42,94.39,5399.71,,
400,11/9/2022 14:43,94.54,5333.12,,
401,11/9/2022 14:43,94.78,5270.33,,
402,11/9/2022 14:43,94.93,5190.42,,
403,11/9/2022 14:44,94.93,5159.97,,
404,11/9/2022 14:44,95.01,5104.8,,
405,11/9/2022 14:44,94.93,5093.38,,
406,11/9/2022 14:45,95.08,5015.37,,
407,11/9/2022 14:45,95.08,4998.25,,
408,11/9/2022 14:45,95.08,4962.1,,
409,11/9/2022 14:46,95.16,4962.1,,
410,11/9/2022 14:46,95.08,4914.53,,
411,11/9/2022 14:46,95.16,4897.41,,
412,11/9/2022 14:47,95.16,4906.92,,
413,11/9/2022 14:47,95.16,4905.02,,
414,11/9/2022 14:47,95.24,4857.45,,
415,11/9/2022 14:48,95.32,4855.55,,
416,11/9/2022 14:48,95.39,4838.43,,
417,11/9/2022 14:48,95.32,4849.84,,
418,11/9/2022 14:49,95.32,4836.52,,
419,11/9/2022 14:49,95.24,4823.21,,
420,11/9/2022 14:49,95.24,4815.6,,
421,11/9/2022 14:50,95.24,4811.79,,
422,11/9/2022 14:50,95.24,4798.47,,
423,11/9/2022 14:50,95.24,4775.64,,
424,11/9/2022 14:51,95.24,4764.22,,
425,11/9/2022 14:51,95.16,4781.35,,
426,11/9/2022 14:51,95.08,4773.74,,
427,11/9/2022 14:52,95.08,4758.52,,
428,11/9/2022 14:52,95.01,4750.91,,
429,11/9/2022 14:52,94.93,4750.91,,
430,11/9/2022 14:53,94.93,4754.71,,
431,11/9/2022 14:53,94.93,4777.54,,
432,11/9/2022 14:53,94.93,4705.24,,
433,11/9/2022 14:54,94.85,4709.05,,
434,11/9/2022 14:54,94.85,4722.37,,
435,11/9/2022 14:54,94.78,4710.95,,
436,11/9/2022 14:55,94.78,4714.76,,
437,11/9/2022 14:55,94.78,4712.85,,
438,11/9/2022 14:55,94.93,4720.46,,
439,11/9/2022 14:56,95.01,4680.51,,
440,11/9/2022 14:56,94.93,4697.63,,
441,11/9/2022 14:56,94.85,4707.14,,
442,11/9/2022 14:57,94.85,4712.85,,
443,11/9/2022 14:57,94.85,4669.09,,
444,11/9/2022 14:57,94.85,4674.8,,
445,11/9/2022 14:58,94.78,4680.51,,
446,11/9/2022 14:58,94.85,4657.68,,
447,11/9/2022 14:58,94.93,4650.07,,
448,11/9/2022 14:59,94.93,4651.97,,
449,11/9/2022 14:59,95.08,4636.75,,
450,11/9/2022 14:59,95.08,4648.16,,
451,11/9/2022 15:00,95.01,4665.29,,
452,11/9/2022 15:00,94.85,4619.62,,
453,11/9/2022 15:00,94.78,4613.92,,
454,11/9/2022 15:01,94.7,4623.43,,
455,11/9/2022 15:01,94.62,4615.82,,
456,11/9/2022 15:01,94.47,4632.94,,
457,11/9/2022 15:02,94.54,4619.62,,
458,11/9/2022 15:02,94.39,4613.92,,
459,11/9/2022 15:02,94.39,4598.69,,
460,11/9/2022 15:03,94.23,4592.99,,
461,11/9/2022 15:03,94.16,4600.6,,
462,11/9/2022 15:03,94.08,4613.92,,
463,11/9/2022 15:04,94,4610.11,,
464,11/9/2022 15:04,94.08,4606.3,,
465,11/9/2022 15:04,94,4572.06,,
466,11/9/2022 15:05,94.08,4594.89,,
467,11/9/2022 15:05,94,4589.18,,
468,11/9/2022 15:05,93.93,4577.77,,
469,11/9/2022 15:06,93.85,4556.84,,
470,11/9/2022 15:06,93.77,4547.32,,
471,11/9/2022 15:06,93.85,4553.03,,
472,11/9/2022 15:07,93.77,4541.61,,
473,11/9/2022 15:07,93.85,4541.61,,
474,11/9/2022 15:07,93.77,4530.2,,
475,11/9/2022 15:08,93.77,4513.08,,
476,11/9/2022 15:08,93.69,4545.42,,
477,11/9/2022 15:08,93.69,4513.08,,
478,11/9/2022 15:09,93.69,4497.85,,
479,11/9/2022 15:09,93.54,4465.51,,
480,11/9/2022 15:09,93.54,4457.9,,
481,11/9/2022 15:10,93.54,4452.19,,
482,11/9/2022 15:10,93.62,4465.51,,
483,11/9/2022 15:10,93.62,4467.41,,
484,11/9/2022 15:11,93.54,4467.41,,
485,11/9/2022 15:11,93.54,4461.7,,
486,11/9/2022 15:11,93.62,4465.51,,
487,11/9/2022 15:12,93.54,4444.58,,
488,11/9/2022 15:12,93.54,4423.65,,
489,11/9/2022 15:12,93.54,4446.48,,
490,11/9/2022 15:13,93.54,4419.85,,
491,11/9/2022 15:13,93.46,4404.62,,
492,11/9/2022 15:13,93.46,4416.04,,
493,11/9/2022 15:14,93.39,4435.07,,
494,11/9/2022 15:14,93.46,4431.26,,
495,11/9/2022 15:14,93.31,4406.53,,
496,11/9/2022 15:15,93.23,4385.6,,
497,11/9/2022 15:15,93.15,4397.01,,
498,11/9/2022 15:15,93.23,4397.01,,
499,11/9/2022 15:16,93.15,4410.33,,
500,11/9/2022 15:16,93.15,4376.08,,
501,11/9/2022 15:16,93.15,4383.7,,
502,11/9/2022 15:17,93.08,4372.28,,
503,11/9/2022 15:17,93.08,4349.45,,
504,11/9/2022 15:17,93.15,4345.64,,
505,11/9/2022 15:18,93,4320.91,,
506,11/9/2022 15:18,93.08,4298.08,,
507,11/9/2022 15:18,93.08,4311.39,,
508,11/9/2022 15:19,93.15,4328.52,,
509,11/9/2022 15:19,93.08,4296.17,,
510,11/9/2022 15:19,93,4280.95,,
511,11/9/2022 15:20,93,4298.08,,
512,11/9/2022 15:20,93.08,4277.15,,
513,11/9/2022 15:20,93.08,4269.54,,
514,11/9/2022 15:21,93.15,4282.86,,
515,11/9/2022 15:21,93.15,4275.24,,
516,11/9/2022 15:21,93,4258.12,,
517,11/9/2022 15:22,93.08,4254.32,,
518,11/9/2022 15:22,93,4239.09,,
519,11/9/2022 15:22,93.08,4250.51,,
520,11/9/2022 15:23,93,4239.09,,
521,11/9/2022 15:23,93,4218.17,,
522,11/9/2022 15:23,93,4199.14,,
523,11/9/2022 15:24,93.08,4208.65,,
524,11/9/2022 15:24,93.15,4225.78,,
525,11/9/2022 15:24,93.08,4214.36,,
526,11/9/2022 15:25,93,4208.65,,
527,11/9/2022 15:25,92.92,4201.04,,
528,11/9/2022 15:25,92.92,4191.53,,
529,11/9/2022 15:26,92.92,4210.55,,
530,11/9/2022 15:26,92.84,4172.5,,
531,11/9/2022 15:26,92.84,4157.28,,
532,11/9/2022 15:27,92.92,4130.64,,
533,11/9/2022 15:27,92.92,4145.86,,
534,11/9/2022 15:27,92.92,4149.67,,
535,11/9/2022 15:28,92.92,4140.16,,
536,11/9/2022 15:28,92.92,4132.55,,
537,11/9/2022 15:28,92.92,4121.13,,
538,11/9/2022 15:29,93.08,4124.94,,
539,11/9/2022 15:29,93.08,4128.74,,
540,11/9/2022 15:29,93.08,4104.01,,
541,11/9/2022 15:30,93.15,4107.81,,
542,11/9/2022 15:30,93.23,4083.08,,
543,11/9/2022 15:30,93.31,4109.71,,
544,11/9/2022 15:31,93.15,4077.37,,
545,11/9/2022 15:31,93.15,4039.32,,
546,11/9/2022 15:31,93.08,4060.25,,
547,11/9/2022 15:32,93.15,4045.02,,
548,11/9/2022 15:32,93.15,4035.51,,
549,11/9/2022 15:32,93.08,4077.37,,
550,11/9/2022 15:33,92.92,4060.25,,
551,11/9/2022 15:33,93,4048.83,,
552,11/9/2022 15:33,92.92,4014.58,,
553,11/9/2022 15:34,93.08,4024.1,,
554,11/9/2022 15:34,93,3997.46,,
555,11/9/2022 15:34,93,3991.75,,
556,11/9/2022 15:35,93,4010.78,,
557,11/9/2022 15:35,93,4001.26,,
558,11/9/2022 15:35,92.92,3980.33,,
559,11/9/2022 15:36,92.84,3984.14,,
560,11/9/2022 15:36,92.77,3970.82,,
561,11/9/2022 15:36,92.84,3970.82,,
562,11/9/2022 15:37,92.84,3953.7,,
563,11/9/2022 15:37,92.84,3963.21,,
564,11/9/2022 15:37,92.84,3959.41,,
565,11/9/2022 15:38,92.69,3932.77,,
566,11/9/2022 15:38,92.69,3944.18,,
567,11/9/2022 15:38,92.69,3915.64,,
568,11/9/2022 15:39,92.77,3909.94,,
569,11/9/2022 15:39,92.77,3927.06,,
570,11/9/2022 15:39,92.69,3928.96,,
571,11/9/2022 15:40,92.77,3911.84,,
572,11/9/2022 15:40,92.77,3879.49,,
573,11/9/2022 15:40,92.84,3889.96,,
574,11/9/2022 15:41,92.84,3904.23,,
575,11/9/2022 15:41,93,3874.74,,
576,11/9/2022 15:41,92.84,3866.18,,
577,11/9/2022 15:42,92.69,3870.93,,
578,11/9/2022 15:42,92.61,3848.1,,
579,11/9/2022 15:42,92.61,3843.34,,
580,11/9/2022 15:43,92.77,3819.56,,
581,11/9/2022 15:43,92.92,3827.17,,
582,11/9/2022 15:43,93,3834.78,,
583,11/9/2022 15:44,92.92,3836.68,,
584,11/9/2022 15:44,92.92,3800.53,,
585,11/9/2022 15:44,92.84,3823.37,,
586,11/9/2022 15:45,92.92,3793.88,,
587,11/9/2022 15:45,92.84,3815.76,,
588,11/9/2022 15:45,92.84,3800.53,,
589,11/9/2022 15:46,92.92,3769.14,,
590,11/9/2022 15:46,92.84,3757.72,,
591,11/9/2022 15:46,92.84,3734.89,,
592,11/9/2022 15:47,93,3752.02,,
593,11/9/2022 15:47,93.08,3772.95,,
594,11/9/2022 15:47,93.15,3754.87,,
595,11/9/2022 15:48,93,3751.07,,
596,11/9/2022 15:48,92.92,3749.16,,
597,11/9/2022 15:48,92.84,3731.09,,
598,11/9/2022 15:49,92.92,3738.7,,
599,11/9/2022 15:49,92.84,3737.75,,
600,11/9/2022 15:49,92.84,3700.65,,
601,11/9/2022 15:50,92.77,3707.3,,
602,11/9/2022 15:50,92.84,3696.84,,
603,11/9/2022 15:50,92.77,3675.91,,
604,11/9/2022 15:51,92.84,3696.84,,
605,11/9/2022 15:51,92.77,3693.99,,
606,11/9/2022 15:51,92.84,3685.42,,
607,11/9/2022 15:52,92.77,3658.79,,
608,11/9/2022 15:52,92.69,3674.96,,
609,11/9/2022 15:52,92.69,3659.74,,
610,11/9/2022 15:53,92.61,3670.2,,
611,11/9/2022 15:53,92.61,3635.96,,
612,11/9/2022 15:53,92.54,3641.66,,
613,11/9/2022 15:54,92.46,3621.69,,
614,11/9/2022 15:54,92.54,3621.69,,
615,11/9/2022 15:54,92.46,3610.27,,
616,11/9/2022 15:55,92.46,3618.83,,
617,11/9/2022 15:55,92.38,3603.61,,
618,11/9/2022 15:55,92.38,3594.1,,
619,11/9/2022 15:56,92.38,3594.1,,
620,11/9/2022 15:56,92.38,3557,,
621,11/9/2022 15:56,92.38,3582.68,,
622,11/9/2022 15:57,92.23,3569.36,,
623,11/9/2022 15:57,92.23,3555.09,,
624,11/9/2022 15:57,92.15,3559.85,,
625,11/9/2022 15:58,92.15,3527.5,,
626,11/9/2022 15:58,92.15,3508.48,,
627,11/9/2022 15:58,92.15,3508.48,,
628,11/9/2022 15:59,92,3504.67,,
629,11/9/2022 15:59,92,3497.06,,
630,11/9/2022 15:59,92,3486.6,,
631,11/9/2022 16:00,92,3500.87,,
632,11/9/2022 16:00,92.15,3506.58,,
633,11/9/2022 16:00,92.3,3459.96,,
634,11/9/2022 16:01,92.3,3474.23,,
635,11/9/2022 16:01,92.23,3441.89,,
636,11/9/2022 16:01,92.3,3472.33,,
637,11/9/2022 16:02,92.23,3444.74,,
638,11/9/2022 16:02,92.15,3455.2,,
639,11/9/2022 16:02,92.07,3428.57,,
640,11/9/2022 16:03,92.15,3429.52,,
641,11/9/2022 16:03,92.15,3401.93,,
642,11/9/2022 16:03,92.15,3401.93,,
643,11/9/2022 16:04,92.23,3388.61,,
644,11/9/2022 16:04,92.3,3412.39,,
645,11/9/2022 16:04,92.3,3400.98,,
646,11/9/2022 16:05,92.3,3408.59,,
647,11/9/2022 16:05,92.3,3384.81,,
648,11/9/2022 16:05,92.38,3394.32,,
649,11/9/2022 16:06,92.46,3353.41,,
650,11/9/2022 16:06,92.38,3328.68,,
651,11/9/2022 16:06,92.38,3353.41,,
652,11/9/2022 16:07,92.46,3340.09,,
653,11/9/2022 16:07,92.46,3326.78,,
654,11/9/2022 16:07,92.46,3307.75,,
655,11/9/2022 16:08,92.38,3294.43,,
656,11/9/2022 16:08,92.3,3282.06,,
657,11/9/2022 16:08,92.3,3304.9,,
658,11/9/2022 16:09,92.3,3263.99,,
659,11/9/2022 16:09,92.23,3284.92,,
660,11/9/2022 16:09,92.23,3283.97,,
661,11/9/2022 16:10,92.15,3263.99,,
662,11/9/2022 16:10,92.23,3254.48,,
663,11/9/2022 16:10,92.23,3229.74,,
664,11/9/2022 16:11,92.15,3232.59,,
665,11/9/2022 16:11,92.15,3253.52,,
666,11/9/2022 16:11,92.07,3220.23,,
667,11/9/2022 16:12,92,3224.98,,
668,11/9/2022 16:12,91.92,3218.32,,
669,11/9/2022 16:12,92,3191.69,,
670,11/9/2022 16:13,92.07,3178.37,,
671,11/9/2022 16:13,92.07,3185.03,,
672,11/9/2022 16:13,92.07,3185.98,,
673,11/9/2022 16:14,92.07,3191.69,,
674,11/9/2022 16:14,92.07,3153.63,,
675,11/9/2022 16:14,92,3143.17,,
676,11/9/2022 16:15,92,3170.76,,
677,11/9/2022 16:15,91.92,3132.71,,
678,11/9/2022 16:15,91.84,3109.87,,
679,11/9/2022 16:16,91.84,3130.8,,
680,11/9/2022 16:16,91.76,3106.07,,
681,11/9/2022 16:16,91.61,3058.5,,
682,11/9/2022 16:17,91.61,3068.97,,
683,11/9/2022 16:17,91.53,3075.63,,
684,11/9/2022 16:17,91.45,3070.87,,
685,11/9/2022 16:18,91.38,3044.23,,
686,11/9/2022 16:18,91.45,3044.23,,
687,11/9/2022 16:18,91.38,3047.09,,
688,11/9/2022 16:19,91.3,3028.06,,
689,11/9/2022 16:19,91.22,3026.16,,
690,11/9/2022 16:19,91.22,3019.5,,
691,11/9/2022 16:20,91.22,2996.67,,
692,11/9/2022 16:20,91.22,3002.37,,
693,11/9/2022 16:20,91.3,2992.86,,
694,11/9/2022 16:21,91.3,2983.35,,
695,11/9/2022 16:21,91.3,2958.61,,
696,11/9/2022 16:21,91.38,2955.76,,
697,11/9/2022 16:22,91.22,2924.37,,
698,11/9/2022 16:22,91.15,2943.39,,
699,11/9/2022 16:22,91.15,2948.15,,
700,11/9/2022 16:23,91.07,2936.73,,
701,11/9/2022 16:23,91.07,2938.64,,
702,11/9/2022 16:23,91.07,2936.73,,
703,11/9/2022 16:24,90.99,2924.37,,
704,11/9/2022 16:24,90.91,2911.05,,
705,11/9/2022 16:24,90.84,2882.51,,
706,11/9/2022 16:25,90.84,2910.1,,
707,11/9/2022 16:25,90.76,2864.43,,
708,11/9/2022 16:25,90.61,2870.14,,
709,11/9/2022 16:26,90.68,2876.8,,
710,11/9/2022 16:26,90.68,2885.36,,
711,11/9/2022 16:26,90.53,2831.14,,
712,11/9/2022 16:27,90.45,2830.19,,
713,11/9/2022 16:27,90.45,2814.96,,
714,11/9/2022 16:27,90.53,2813.06,,
715,11/9/2022 16:28,90.53,2803.55,,
716,11/9/2022 16:28,90.45,2803.55,,
717,11/9/2022 16:28,90.45,2787.38,,
718,11/9/2022 16:29,90.45,2769.3,,
719,11/9/2022 16:29,90.45,2778.81,,
720,11/9/2022 16:29,90.53,2755.98,,
721,11/9/2022 16:30,90.37,2759.79,,
722,11/9/2022 16:30,90.37,2745.52,,
723,11/9/2022 16:30,90.3,2729.34,,
724,11/9/2022 16:31,90.14,2748.37,,
725,11/9/2022 16:31,90.22,2745.52,,
726,11/9/2022 16:31,90.06,2714.12,,
727,11/9/2022 16:32,90.14,2678.92,,
728,11/9/2022 16:32,90.14,2680.83,,
729,11/9/2022 16:32,90.14,2676.07,,
730,11/9/2022 16:33,90.06,2654.19,,
731,11/9/2022 16:33,89.99,2640.87,,
732,11/9/2022 16:33,89.99,2621.85,,
733,11/9/2022 16:34,89.91,2644.68,,
734,11/9/2022 16:34,89.91,2625.65,,
735,11/9/2022 16:34,89.83,2616.14,,
736,11/9/2022 16:35,89.83,2606.62,,
737,11/9/2022 16:35,89.76,2595.21,,
738,11/9/2022 16:35,89.76,2561.91,,
739,11/9/2022 16:36,89.68,2580.94,,
740,11/9/2022 16:36,89.76,2556.2,,
741,11/9/2022 16:36,89.68,2552.4,,
742,11/9/2022 16:37,89.76,2514.35,,
743,11/9/2022 16:37,89.83,2512.44,,
744,11/9/2022 16:37,89.6,2504.83,,
745,11/9/2022 16:38,89.6,2482.95,,
746,11/9/2022 16:38,89.6,2462.97,,
747,11/9/2022 16:38,89.6,2497.22,,
748,11/9/2022 16:39,89.52,2456.32,,
749,11/9/2022 16:39,89.45,2433.48,,
750,11/9/2022 16:39,89.37,2430.63,,
751,11/9/2022 16:40,89.22,2423.02,,
752,11/9/2022 16:40,89.22,2377.36,,
753,11/9/2022 16:40,89.14,2373.55,,
754,11/9/2022 16:41,88.98,2303.15,,
755,11/9/2022 16:41,88.91,2290.79,,
756,11/9/2022 16:41,88.83,2256.54,,
757,11/9/2022 16:42,88.68,2246.07,,
758,11/9/2022 16:42,88.6,2277.47,,
759,11/9/2022 16:42,88.52,2288.88,,
760,11/9/2022 16:43,88.6,2314.57,,
761,11/9/2022 16:43,88.68,2313.62,,
762,11/9/2022 16:43,88.6,2310.76,,
763,11/9/2022 16:44,88.68,2256.54,,
764,11/9/2022 16:44,88.6,2247.98,,
765,11/9/2022 16:44,88.52,2228.95,,
766,11/9/2022 16:45,88.44,2178.53,,
767,11/9/2022 16:45,88.37,2132.87,,
768,11/9/2022 16:45,88.21,2013,,
769,11/9/2022 16:46,87.98,1939.27,,
770,11/9/2022 16:46,87.67,1832.72,,
771,11/9/2022 16:46,87.44,1686.7,,
772,11/9/2022 16:47,87.13,1596.32,,
773,11/9/2022 16:47,86.9,1596.32,,
774,11/9/2022 16:47,86.67,1601.08,,
775,11/9/2022 16:48,86.51,1629.14,,
776,11/9/2022 16:48,86.44,1726.65,,
777,11/9/2022 16:48,86.51,1777.55,,
778,11/9/2022 16:49,86.36,1760.9,,
779,11/9/2022 16:49,86.36,1793.72,,
780,11/9/2022 16:49,86.36,1853.18,,
781,11/9/2022 16:50,86.59,1918.34,,
782,11/9/2022 16:50,86.59,1978.75,,
783,11/9/2022 16:50,86.9,1953.07,,
784,11/9/2022 16:51,86.82,1941.65,,
785,11/9/2022 16:51,86.9,1896.94,,
786,11/9/2022 16:51,86.82,1856.98,,
787,11/9/2022 16:52,86.74,1797.05,,
788,11/9/2022 16:52,86.59,1760.9,,
789,11/9/2022 16:52,86.59,1751.86,,
790,11/9/2022 16:53,86.51,1731.41,,
791,11/9/2022 16:53,86.36,1732.83,,
792,11/9/2022 16:53,86.51,1750.43,,
793,11/9/2022 16:54,86.44,1754.24,,
794,11/9/2022 16:54,86.44,1731.41,,
795,11/9/2022 16:54,86.44,1721.42,,
796,11/9/2022 16:55,86.36,1709.53,,
797,11/9/2022 16:55,86.36,1693.83,,
798,11/9/2022 16:55,86.36,1684.79,,
799,11/9/2022 16:56,86.2,1652.45,,
800,11/9/2022 16:56,86.2,1596.32,,
801,11/9/2022 16:56,86.13,1524.97,,
802,11/9/2022 16:57,85.9,1458.85,,
803,11/9/2022 16:57,85.59,1346.6,,
804,11/9/2022 16:57,85.35,1300.93,,
805,11/9/2022 16:58,85.2,1295.23,,
806,11/9/2022 16:58,85.05,1269.54,,
807,11/9/2022 16:58,84.74,1145.87,,
808,11/9/2022 16:59,84.35,995.08,,
809,11/9/2022 16:59,83.96,825.51,,
810,11/9/2022 16:59,83.42,695.18,,
811,11/9/2022 16:59,,,Logged,Logged
